base-shuffle,base-fromTop,meno_tempo-shuffle,meno_tempo-fromTop,senza_distanza-shuffle,senza_distanza-fromTop,senza_evja-shuffle,senza_evja-fromTop,sensore
0.09490475,0.36535478,0.08608762,0.42506018,0.09208442,0.38559723,0.094772704,0.39198297,1
0.091336615,0.3590105,0.08461189,0.37560815,0.08669907,0.37060848,0.10569948,0.41800442,2
0.10382215,0.3815415,0.09360151,0.3927261,0.09240442,0.3482945,0.097023524,0.4037427,3
0.08343258,0.44868016,0.08485892,0.40909123,0.086147085,0.35798,0.0917856,0.51648426,4
0.06500792,0.2536013,0.06861127,0.29646453,0.06899135,0.29111457,0.075004965,0.2899813,5
0.07080271,0.4744067,0.069315046,0.31303984,0.0684104,0.43291035,0.082282096,0.4466357,6
0.06738988,0.354133,0.06610933,0.2876397,0.06456853,0.3102946,0.06914992,0.390681,7
0.9977836,17.384262,0.59210575,17.671072,0.999876,16.573908,1.1941123,24.876041,8
