Sensore,R2_RNN,RMSE_RNN,R2_EVJA,RMSE_EVJA
1,0.7520370815869342,2.150065536204356,0.9305951201135929,1.1375050456907707
2,0.6468132495173395,2.5641878712862702,0.9286809708723437,1.1522596430695335
3,0.7605106440902685,2.0679380264190783,0.9231549815267333,1.171392046713142
4,0.7444400106498457,2.1658958018003256,0.9294144762502252,1.1382795921506026
5,0.6618237226775956,2.373546495281485,0.8388383776584376,1.638539779033953
6,0.6291932961758505,2.5903387791489885,0.7966887773578842,1.9180655924192034
7,0.5327718831341737,2.77408791538537,0.7078383335082645,2.1936500788011517
