Sensore,R2_RNN,RMSE_RNN,R2_EVJA,RMSE_EVJA
1,0.07778599134878772,6.676944065034469,0.7028907928757815,4.905482057007786
2,0.19588551227731543,6.780025645220472,0.7113630840524425,4.904745412921014
3,0.19254478981531842,7.094578639641468,0.7083456057975256,4.91606130397969
4,0.15041379456866522,6.588631432149217,0.7102953661303371,4.99114502039331
5,0.041127932230936026,7.132863426483628,0.6583878061391824,5.21986844335248
6,0.12475541742574059,6.774706023955609,0.6492622175704466,5.301283358240058
7,0.06846466884466196,6.369481369192114,0.6057312912199166,5.427662562589906
